ID;description
1;29-year-old woman with mild seasonal allergy and occasional asthma attacks.
2;54-year-old man experiencing persistent knee pain after marathon training.
3;42-year-old woman with intermittent chest palpitations and no known heart disease.
4;33-year-old man with recurring skin rash after exposure to certain detergents.
5;60-year-old woman reporting gradual hearing loss over the last two years.
6;18-year-old athlete with minor concussion after soccer match collision.
7;75-year-old man experiencing memory lapses and confusion in the evenings.
8;47-year-old woman with frequent sinus infections during winter months.
9;26-year-old man with chronic indigestion after eating spicy foods.
10;58-year-old woman with reduced mobility in the right shoulder following an injury.
